Location;Median_Price_2023
ABBOTSFORD;1409000
ABERFELDIE;N/A
AINTREE;710000
AIREYS INLET;1570000
AIRPORT WEST;795000
ALBANVALE;610000
ALBERT PARK;2097000
ALBION;670000
ALEXANDRA;420000
ALFREDTON;630000
ALLANSFORD;600000
ALPHINGTON;2185000
ALTON/A;1175000
ALTON/A EAST;867500
ALTON/A MEADOWS;661500
ALTON/A NORTH;880000
ANGLESEA;1456500
APOLLO BAY;1000000
ARARAT;302500
ARDEER;592500
ARMADALE;2080000
ARMSTRONG CREEK;675000
ASCOT (GREATER BENDIGO);652500
ASCOT VALE;1349000
ASHBURTON;1715000
ASHWOOD;1310000
ASPENDALE;1257500
ASPENDALE GARDENS;985000
ATTWOOD;1200000
AVENEL;510000
AVOCA;330000
AVONDALE HEIGHTS;857000
AVONSLEIGH;645000
AXEDALE;N/A
BACCHUS MARSH;657500
BADGER CREEK;610000
BAIRNSDALE;432500
BALACLAVA;1342500
BALCOMBE;1865000
BALLAN;652000
BALLARAT CENTRAL;602500
BALLARAT EAST;495000
BALLARAT NORTH;732500
BALN/ARRING;1202500
BALN/ARRING BEACH;1900000
BALWYN;3100000
BALWYN NORTH;2220000
BANDIAN/A;660000
BANNOCKBURN;702500
BARANDUDA;535000
BARN/AWARTHA;468500
BARWON HEADS;1350000
BAXTER;695000
BAYSWATER;873500
BAYSWATER NORTH;831000
BEACONSFIELD;830000
BEACONSFIELD UPPER;1180000
BEAUFORT;465000
BEAUMARIS;1865000
BEEAC;553000
BEECHWORTH;718000
BELGRAVE;770000
BELGRAVE HEIGHTS;N/A
BELGRAVE SOUTH;1300000
BELL PARK;595000
BELL POST HILL;592500
BELLFIELD (BANYULE);1000000
BELMONT;650000
BEN/ALLA;432500
BENDIGO;540000
BENTLEIGH;1885000
BENTLEIGH EAST;1305000
BERWICK;850000
BEVERIDGE;640000
BIRCHIP;236000
BIRREGURRA;860000
BITTERN;765000
BLACK HILL;650000
BLACK ROCK;2237500
BLACKBURN;1481000
BLACKBURN NORTH;1340000
BLACKBURN SOUTH;1285000
BLACKWOOD;705000
BLAIRGOWRIE;1825000
BLIND BIGHT;831000
BONBEACH;995000
BONNIE BROOK;645000
BONNIE DOON;850000
BONSHAW;585500
BOOLARRA;420000
BOORT;310000
BORONIA;782500
BOTANIC RIDGE;860000
BOX HILL;1455500
BOX HILL NORTH;1100000
BOX HILL SOUTH;1280000
BRAYBROOK;688500
BREAKWATER;575000
BRIAGOLONG;N/A
BRIAR HILL;900000
BRIDGEWATER ON LODDON;262000
BRIGHT;1108000
BRIGHTON;3195000
BRIGHTON EAST;2425000
BROADFORD;550000
BROADMEADOWS;520000
BROOKFIELD;570000
BROOKLYN;945000
BROWN HILL;600000
BRUNSWICK;1300000
BRUNSWICK EAST;1201000
BRUNSWICK WEST;1225000
BRUTHEN;520000
BULLEEN;1302000
BUNDALONG;1020000
BUNDOORA;850000
BUNINYONG;540000
BUNYIP;900000
BURNLEY;1748000
BURNSIDE;811500
BURNSIDE HEIGHTS;740000
BURWOOD;1370000
BURWOOD EAST;1183000
CAIRNLEA;900000
CALIFORNIA GULLY;418500
CAMBERWELL;2250000
CAMPBELLFIELD;593000
CAMPBELLS CREEK;750000
CAMPERDOWN;434000
CAN/ADIAN;542500
CANTERBURY;2440000
CAPE PATERSON;895000
CAPE SCHANCK;2225000
CAPEL SOUND;742500
CARDIGAN;N/A
CARISBROOK;290000
CARLTON;1610000
CARLTON NORTH;1595000
CARNEGIE;1480000
CAROLINE SPRINGS;670000
CARRUM;960000
CARRUM DOWNS;680000
CASTERTON;327500
CASTLEMAINE;765000
CAULFIELD;N/A
CAULFIELD NORTH;1975000
CAULFIELD SOUTH;1800000
CHADSTONE;1362000
CHARLEMONT;619500
CHARLTON;320000
CHELSEA;1082500
CHELSEA HEIGHTS;877500
CHELTENHAM;1372500
CHELTENHAM EAST;1173000
CHELTENHAM NORTH;1488000
CHEWTON;N/A
CHILTERN;469000
CHIRNSIDE PARK;852500
CHURCHILL;340000
CLARINDA;929000
CLAYTON;1230000
CLAYTON NORTH;1306000
CLAYTON SOUTH;942000
CLIFTON HILL;1603000
CLIFTON SPRINGS;675000
CLUNES;475000
CLYDE;690000
CLYDE NORTH;700500
COBBLEBANK;590000
COBDEN;360000
COBRAM;430000
COBURG;1100000
COBURG EAST;1112000
COBURG NORTH;900000
COCKATOO;662500
COHUN/A;338500
COLAC;480000
COLDSTREAM;790000
COLERAINE;203500
COLLINGWOOD;1062500
CONNEWARRE;N/A
COOLAROO;500000
COON/ANS HILL;1225000
COONGULLA;N/A
CORINELLA;699000
CORIO;487500
CORONET BAY;575000
CORRYONG;467500
COWES;845000
COWES WEST;785000
CRAIGIEBURN;646000
CRANBOURNE;633000
CRANBOURNE EAST;687000
CRANBOURNE NORTH;705000
CRANBOURNE SOUTH;722500
CRANBOURNE WEST;635000
CREMORNE;1680000
CRESWICK;602500
CRIB POINT;757500
CROYDON;845500
CROYDON HILLS;1054500
CROYDON NORTH;1182500
CROYDON SOUTH;880000
CURLEWIS;635000
DALLAS;495000
DALYSTON;435000
DANDENONG;670000
DANDENONG NORTH;705000
DANYO;86000
DARLEY;640000
DAYLESFORD;902500
DEANSIDE;669500
DEEPDENE;2232000
DEER PARK;618000
DELACOMBE;493500
DELAHEY;659000
DENNINGTON;645000
DERRIMUT;740000
DERRIN/ALLUM;N/A
DIAMOND CREEK;970000
DIGGERS REST;670000
DIMBOOLA;232500
DINGLEY VILLAGE;931000
DINNER PLAIN;1200000
DON/ALD;240000
DONCASTER;1320000
DONCASTER EAST;1500000
DONNYBROOK;623000
DONVALE;1250000
DOREEN;700000
DOVETON;545000
DROMAN/A;929500
DROUIN;620000
DRUMCONDRA;1300000
DRYSDALE;820000
DUNKELD;N/A
DUNOLLY;267500
EAGLE POINT;530000
EAGLEHAWK;535000
EAGLEMONT;2290000
EAST BAIRNSDALE;300000
EAST BENDIGO;585000
EAST GEELONG;775000
EAST MELBOURNE;3725000
EAST WARBURTON;726000
EASTWOOD;670000
ECHUCA;591500
EDENHOPE;345000
EDITHVALE;1267500
EILDON;450000
ELLIMINYT;925000
ELMORE;310000
ELSTERNWICK;2325000
ELTHAM;1040000
ELTHAM NORTH;1046000
ELWOOD;2030000
EMERALD;882500
ENDEAVOUR HILLS;710000
EPPING;639000
EPSOM;546500
ESSENDON;1765000
ESSENDON NORTH;1055000
ESSENDON WEST;960000
EUMEMMERRING;580000
EUREKA;N/A
EUROA;490000
EYNESBURY;658500
FAIRFIELD;1304000
FAIRHAVEN;1830000
FAWKNER;777000
FERNTREE GULLY;860000
FERNY CREEK;1040000
FINGAL;N/A
FITZROY;1715000
FITZROY NORTH;1600000
FIVEWAYS;390000
FLEMINGTON;1117500
FLINDERS;N/A
FLORA HILL;512500
FLOWERDALE;624000
FOOTSCRAY;860000
FOREST HILL;1100000
FOSTER;590000
FRANKSTON;698000
FRANKSTON NORTH;555000
FRANKSTON SOUTH;1080000
FRASER RISE;700000
FYANSFORD;1112500
GARDEN CITY;N/A
GARDENVALE;3000000
GARFIELD;745000
GEELONG;830000
GEELONG WEST;900000
GEMBROOK;934000
GISBORNE;975000
GLADSTONE PARK;677500
GLEN HUNTLY;1513000
GLEN IRIS;2235000
GLEN WAVERLEY;1750500
GLENGARRY;707500
GLENLYON;N/A
GLENROWAN;400000
GLENROY;735000
GOLDEN BEACH;400000
GOLDEN POINT (BALLARAT);575000
GOLDEN SQUARE;507500
GORDON;832000
GOUGHS BAY;560000
GOWANBRAE;967500
GRANTVILLE;600000
GREEN LAKE;400000
GREENSBOROUGH;938500
GREENVALE;825000
GROVEDALE;630000
HADFIELD;795000
HALLAM;660000
HALLS GAP;547500
HAMILTON;402500
HAMLYN HEIGHTS;755000
HAMPTON;2142500
HAMPTON EAST;1270000
HAMPTON PARK;645000
HARCOURT;578000
HARKNESS;575000
HASTINGS;682500
HASTINGS WEST;577500
HAWTHORN;2601000
HAWTHORN EAST;2215000
HEALESVILLE;745000
HEATHCOTE;532500
HEATHCOTE JUNCTION;695000
HEATHERTON;1095000
HEATHMONT;1028000
HEIDELBERG;1265000
HEIDELBERG HEIGHTS;835000
HEIDELBERG WEST;815000
HEPBURN;750000
HEPBURN SPRINGS;690000
HERNE HILL;760000
HEYFIELD;405000
HEYWOOD;N/A
HIGHETT;1535000
HIGHTON;790000
HILLSIDE (MELTON);720500
HOPETOUN;220000
HOPPERS CROSSING;625000
HORSHAM;399500
HUGHESDALE;1207500
HUNTINGDALE;1364000
HUNTLY;524000
HURSTBRIDGE;902500
INDENTED HEAD;864000
INGLEWOOD;N/A
INVERLOCH;1000000
INVERMAY PARK;725000
IRONBARK;530000
IRYMPLE;500000
IVANHOE;1302500
IVANHOE EAST;4775000
JACAN/A;567500
JACKASS FLAT;509000
JAMIESON;540000
JAN JUC;1260000
JEERALANG NORTH;357500
JEPARIT;133500
JUNCTION VILLAGE;630000
JUNORTOUN;867500
KALIMN/A;537500
KALKALLO;645000
KALLISTA;605500
KALORAMA;950000
KANGAROO FLAT;495000
KANGAROO GROUND SOUTH;920000
KANIVA;255000
KEALBA;665000
KEILOR;1043500
KEILOR DOWNS;790000
KEILOR EAST;960000
KEILOR LODGE;980000
KEILOR PARK;795000
KENNINGTON;587500
KENSINGTON;927500
KERANG;226500
KEW;2735000
KEW EAST;4600000
KEW NORTH;2607500
KEYSBOROUGH;901000
KIALLA;690000
KILCUNDA;545000
KILLARA (WODONGA);650000
KILMORE;600000
KILSYTH;760000
KILSYTH SOUTH;865000
KINGLAKE;645000
KINGS PARK;600000
KINGSBURY;774000
KINGSVILLE;1090000
KNOXFIELD;808000
KOO WEE RUP;640000
KOONDROOK;303000
KOROIT;470000
KORUMBURRA;476000
KURUNJANG;500000
KYABRAM;455000
KYNETON;790000
LAKE BOGA;280000
LAKE BUNGA;530000
LAKE GARDENS;925000
LAKE TYERS BEACH;690000
LAKE WENDOUREE;945000
LAKES ENTRANCE;525000
LALOR;655000
LANCEFIELD;727500
LANG LANG;631000
LANGWARRIN;816000
LARA;757500
LARA LAKE;700000
LAUNCHING PLACE;536000
LAVERTON;565000
LAVERTON SOUTH;684500
LEITCHVILLE;442000
LENEVA;730000
LEONGATHA;605000
LEOPOLD;695000
LILYDALE;775000
LINDENOW;342500
LISMORE;260000
LOCH;670000
LOCH SPORT;365000
LOCKINGTON;385000
LONG GULLY;400000
LONGWARRY;577500
LORNE;1824500
LOVELY BANKS;650000
LOWER PLENTY;1410000
LUCAS;620000
LUCKNOW;400000
LYNBROOK;814500
LYNDHURST;841500
LYSTERFIELD;810000
LYSTERFIELD SOUTH;N/A
MACEDON;1105000
MACLEOD;1102500
MACS COVE;N/A
MADDINGLEY;635000
MAFFRA;401000
MAIDEN GULLY;705000
MAIDSTONE;897500
MALDON;802500
MALLACOOTA;1120000
MALMSBURY;855500
MALVERN;1750000
MALVERN EAST;1511000
MAMBOURIN;652500
MANIFOLD HEIGHTS;850000
MANOR LAKES;605500
MANSFIELD;730000
MARENGO;N/A
MARIBYRNONG;1055000
MARLO;655000
MARONG;635000
MARSHALL;623500
MARYBOROUGH;387500
MARYSVILLE;780000
MCCRAE;1572500
MCKENZIE HILL;900000
MCKINNON;1130000
MCLOUGHLINS BEACH;360000
MEADOW HEIGHTS;535000
MELTON;456000
MELTON SOUTH;495000
MELTON WEST;550000
MENTONE;1436000
MENZIES CREEK;685000
MERBEIN;312500
MEREDITH;600000
MERINDA PARK;639500
MERNDA;642500
MERRIGUM;250000
MERRIJIG (MANSFIELD);N/A
METUNG;892500
MICKLEHAM;670000
MIDDLE PARK;2485000
MILDURA;430500
MILL PARK;755000
MILLGROVE;594000
MINERS REST;645000
MINYIP;N/A
MIRBOO NORTH;575000
MITCHAM;1155000
MITCHELL PARK;450000
MOE;345000
MONBULK;815000
MONT ALBERT;1702000
MONT ALBERT NORTH;1751500
MONTMORENCY;1173500
MONTROSE;767500
MOONEE PONDS;1065000
MOORABBIN;1312500
MOOROOLBARK;770500
MOOROOPN/A;385000
MORDIALLOC;1355000
MORNINGTON;1050000
MORTLAKE;362500
MORWELL;315000
MOUNT BEAUTY;455000
MOUNT CLEAR;500000
MOUNT DANDENONG;750000
MOUNT DUNEED;684500
MOUNT EGERTON;540000
MOUNT ELIZA;1782500
MOUNT EVELYN;795000
MOUNT HELEN;610500
MOUNT MACEDON;1216000
MOUNT MARTHA;1685000
MOUNT PLEASANT;560000
MOUNT WAVERLEY;1407000
MULGRAVE;933000
MURCHISON;410000
MURRUMBEEN/A;1840000
MURTOA;258500
MYRTLEFORD;622000
N/AGAMBIE;680000
N/AR N/AR GOON;N/A
N/ARRE WARREN;708000
N/ARRE WARREN NORTH;1677500
N/ARRE WARREN SOUTH;790000
N/ATHALIA;375000
N/ATIMUK;272500
NEERIM SOUTH;707500
NELSON;N/A
NERRIN/A;670000
NEW GISBORNE;895000
NEWBOROUGH;375000
NEWCOMB;544000
NEWHAVEN;550000
NEWINGTON;835000
NEWLANDS ARM;565000
NEWPORT;1297500
NEWSTEAD;650000
NEWTOWN (GREATER GEELONG);1061000
NHILL;232500
NICHOLS POINT;690000
NIDDRIE;903000
NOBLE PARK;709000
NOBLE PARK NORTH;730000
NORLANE;460000
NORTH BENDIGO;532500
NORTH GEELONG;560000
NORTH MELBOURNE;1080000
NORTH SHORE;1232500
NORTH WONTHAGGI;661500
NORTHCOTE;1690000
NOTTING HILL;1200000
NUMURKAH;400000
NUN/AWADING;1100000
NYAH WEST;266500
OAK PARK;840500
OAKLEIGH;1525000
OAKLEIGH EAST;884000
OAKLEIGH SOUTH;1046000
OCEAN GROVE;1012500
OFFICER;700000
OFFICER SOUTH;855000
OLINDA;809500
OMEO;320000
ORBOST;350000
ORMOND;1636000
OSBORNE;1012500
OUYEN;215000
PAKENHAM;638000
PARADISE BEACH;N/A
PARK ORCHARDS;1729000
PARKDALE;1251500
PARKVILLE;2500000
PASCOE VALE;897500
PASCOE VALE SOUTH;1085000
PATTERSON GARDENS;865000
PATTERSON LAKES;1361000
PAYNESVILLE;516000
PEARCEDALE;695000
PENSHURST;245000
PETERBOROUGH;N/A
PIONEER BAY;482500
PLENTY;1850000
POINT COOK;750000
POINT LONSDALE;1847500
POOWONG;610000
POREPUNKAH;935000
PORT ALBERT;610000
PORT FAIRY;1075000
PORT MELBOURNE;1735000
PORT WELSHPOOL;N/A
PORTARLINGTON;900000
PORTLAND;432500
PORTLAND NORTH;750000
PORTSEA;3500000
PRAHRAN;1540000
PRESTON;1079000
PRINCES HILL;1620000
PYRAMID HILL;210000
QUAMBATOOK;295000
QUARRY HILL;538500
QUEENSCLIFF;776000
RAINBOW;152500
RAWSON;295000
RAYMOND ISLAND;505000
RED CLIFFS;334000
RED HILL;N/A
REDAN;440000
RESEARCH;N/A
RESERVOIR;815000
RHYLL;737500
RICHMOND;1340000
RIDDELLS CREEK;757500
RINGWOOD;1047500
RINGWOOD EAST;1025000
RINGWOOD NORTH;980000
RIPPLESIDE;749000
RIPPONLEA;1747500
ROBINVALE;280000
ROCHESTER;250000
ROCKBANK;620000
ROMSEY;757500
ROSANN/A;1170000
ROSEBUD;710500
ROSEBUD SOUTH;1110000
ROSEDALE;371500
ROWVILLE;1050000
ROXBURGH PARK;670000
RUPANYUP;128000
RUSHWORTH;272500
RUTHERGLEN;595000
RYE;1055000
SAFETY BEACH;1340000
SAILORS GULLY;457500
SALE;450000
SAN REMO;1040000
SANCTUARY LAKES;723000
SANDHURST;929000
SANDRINGHAM;2090500
SANDY POINT;805000
SASSAFRAS;N/A
SAWMILL SETTLEMENT;550000
SCORESBY;895000
SEA LAKE;99500
SEABROOK;750000
SEAFORD;796500
SEAHOLME;N/A
SEASPRAY;472500
SEBASTOPOL;460000
SEDDON;1215000
SELBY;627500
SEVILLE;940000
SEVILLE EAST;907500
SEYMOUR;520000
SHEPPARTON;450000
SHEPPARTON NORTH;N/A
SHOREHAM;1483500
SILVERLEAVES;1150000
SKENES CREEK;1155000
SKIPTON;320000
SKYE;730500
SMITHS BEACH;1075000
SMYTHES CREEK;N/A
SMYTHESDALE;532500
SOLDIERS HILL;625000
SOMERS;1542500
SOMERVILLE;750000
SORRENTO;2262500
SOUTH GEELONG;850000
SOUTH KINGSVILLE;N/A
SOUTH MELBOURNE;2045000
SOUTH MORANG;710000
SOUTH YARRA;2700000
SPOTSWOOD;1360000
SPRING GULLY;580000
SPRINGVALE;832000
SPRINGVALE SOUTH;771000
ST ALBANS;650000
ST ALBANS PARK;587500
ST ANDREWS BEACH;1550000
ST ARN/AUD;272500
ST HELEN/A;1134000
ST KILDA;1116500
ST KILDA EAST;1314000
ST KILDA WEST;4000000
ST LEON/ARDS;765000
STANHOPE;397000
STAWELL;325000
STRATFORD;504000
STRATHDALE;765000
STRATHFIELDSAYE;685000
STRATHMERTON;320000
STRATHMORE;1200000
STRATHMORE HEIGHTS;1102500
STRATHTULLOH;593000
STUDFIELD;1280000
SUNBURY;637500
SUNDERLAND BAY;642500
SUNNYCLIFFS;382500
SUNSET STRIP;737000
SUNSHINE;695000
SUNSHINE NORTH;730000
SUNSHINE WEST;638000
SURF BEACH;799000
SURREY HILLS;2270000
SWAN HILL;412000
SWAN REACH;653000
SYDENHAM;700000
SYNDAL;1400000
TALLANGATTA;401500
TANGAMBALANGA;416000
TARNEIT;651000
TATURA;460000
TAWONGA;N/A
TAWONGA SOUTH;640000
TAYLORS HILL;897500
TAYLORS LAKES;820000
TECOMA;737500
TEMPLESTOWE;1450000
TEMPLESTOWE LOWER;1580000
TERANG;401500
THE BASIN;857000
THE HONEYSUCKLES;592500
THE PATCH;N/A
THOMASTOWN;680000
THOMSON (GREATER GEELONG);552000
THORNBURY;1250000
THORNHILL PARK;632500
TIMBOON;558000
TONGALA;440000
TOONGABBIE;557500
TOORA;460000
TOORADIN;810000
TOORAK;3930000
TOOTGAROOK;825000
TORQUAY;1300000
TRAFALGAR;455000
TRARALGON;449000
TRARALGON EAST;785000
TRAVANCORE;900000
TRENTHAM;640000
TRUGANIN/A;625000
TULLAMARINE;730000
TYABB;745000
UNDERBOOL;N/A
UPPER FERNTREE GULLY;723000
UPWEY;810000
VENTNOR;865000
VENUS BAY;590000
VERMONT;1200000
VERMONT SOUTH;1525000
VIEWBANK;1083000
VIOLET TOWN;530000
WAHGUNYAH;625000
WALKERVILLE;863500
WALLAN;600000
WALLAN EAST;563500
WANDAN/A HEIGHTS;932500
WANDIN NORTH;850000
WANDONG;775000
WANGARATTA;460000
WANTIRN/A;1053000
WANTIRN/A SOUTH;1210000
WARBURTON;742500
WARNEET;651000
WARRACKN/ABEAL;235000
WARRAGUL;616500
WARRANDYTE;1380000
WARRANWOOD;1152500
WARRN/AMBOOL;595000
WATERWAYS;1275000
WATSONIA;751000
WATSONIA NORTH;872000
WATTLE GLEN;N/A
WAURN PONDS;752000
WEDDERBURN;357500
WEIR VIEWS;576000
WELSHPOOL;N/A
WENDOUREE;470000
WENDOUREE WEST;365000
WERRIBEE;587000
WERRIBEE SOUTH;856000
WESBURN;707500
WEST BENDIGO;370000
WEST FOOTSCRAY;915000
WEST MELBOURNE;1055000
WEST WODONGA;549000
WESTALL;842500
WESTGARTH;1900000
WESTMEADOWS;670000
WHEELERS HILL;1524000
WHITE HILLS;460000
WHITTINGTON;535000
WHITTLESEA;712500
WILLIAMS LANDING;812500
WILLIAMSTOWN;1390000
WILLIAMSTOWN NORTH;N/A
WILLOW GROVE;N/A
WIMBLEDON HEIGHTS;620000
WINCHELSEA;560000
WINDSOR;1399000
WINTER VALLEY;582500
WODONGA;497500
WOLLERT;661000
WONGA PARK;1140000
WONTHAGGI;577500
WOODEND;865000
WOOLAMAI WATERS;750500
WOORI YALLOCK;622500
WURRUK;405000
WY YUNG;431500
WYCHEPROOF;218000
WYNDHAM VALE;555000
YACKANDANDAH;635000
YALLAMBIE;925500
YALLOURN NORTH;347500
YARRA GLEN;781500
YARRA JUNCTION;693000
YARRAGON;697500
YARRAM;387500
YARRAVILLE;1070000
YARRAWONGA;591000
YEA;420000
YINN/AR;587500
